source_row_id,source_system,snapshot_date,warehouse_code,warehouse_name,product_id,product_number,on_hand_qty,reserved_qty,reorder_point_qty,unit_cost,currency_code,extracted_at_utc
INV-0001,SYNTHETIC_WMS,2025-01-31,WH-BER-01,Berlin Demo Warehouse,210,FR-R92B-58,100,20,30,12.50,EUR,2025-02-01T02:00:00Z
INV-0002,SYNTHETIC_WMS,2025-01-31,WH-BER-01,Berlin Demo Warehouse,211,FR-R92R-58,40,5,12,15.00,EUR,2025-02-01T02:00:00Z
INV-0003,SYNTHETIC_WMS,2025-01-31,WH-HAM-01,Hamburg Demo Warehouse,218,SO-B909-M,50,10,20,9.00,EUR,2025-02-01T02:00:00Z
INV-0004,SYNTHETIC_WMS,2025-01-31,WH-HAM-01,Hamburg Demo Warehouse,219,SO-B909-L,0,0,5,6.50,EUR,2025-02-01T02:00:00Z
INV-0005,SYNTHETIC_WMS,2025-02-28,WH-BER-01,Berlin Demo Warehouse,210,FR-R92B-58,90,15,30,12.50,EUR,2025-03-01T02:00:00Z
INV-0006,SYNTHETIC_WMS,2025-02-28,WH-BER-01,Berlin Demo Warehouse,211,FR-R92R-58,35,4,12,15.00,EUR,2025-03-01T02:00:00Z
INV-0007,SYNTHETIC_WMS,2025-02-28,WH-HAM-01,Hamburg Demo Warehouse,218,SO-B909-M,45,8,20,9.00,EUR,2025-03-01T02:00:00Z
INV-0008,SYNTHETIC_WMS,2025-02-28,WH-HAM-01,Hamburg Demo Warehouse,219,SO-B909-L,5,2,5,6.50,EUR,2025-03-01T02:00:00Z
INV-0009, synthetic_wms ,2025-03-31, wh-ber-01 , Berlin Demo Warehouse ,210, fr-r92b-58 ,25,3,25,12.50, eur ,2025-04-01T02:00:00Z
INV-0010,SYNTHETIC_WMS,2025-03-31,WH-HAM-01,Hamburg Demo Warehouse,218,SO-B909-M,12,2,15,9.00,EUR,2025-04-01T01:00:00Z
INV-0011,SYNTHETIC_WMS,2025-03-31,WH-BER-01,Berlin Demo Warehouse,211,FR-R92R-58,-1,0,12,15.00,EUR,2025-04-01T02:00:00Z
INV-0012,SYNTHETIC_WMS,2025-03-31,WH-HAM-01,Hamburg Demo Warehouse,219,SO-B909-L,5,8,5,6.50,EUR,2025-04-01T02:00:00Z
INV-0013,SYNTHETIC_WMS,2025-03-31,WH-BER-01,Berlin Demo Warehouse,999,INV-UNKNOWN,6,1,5,7.00,EUR,2025-04-01T02:00:00Z
INV-0014,SYNTHETIC_WMS,2025-03-31,WH-HAM-01,Hamburg Demo Warehouse,218,SO-B909-M,14,2,15,9.00,EUR,2025-04-01T02:00:00Z
INV-0015,SYNTHETIC_WMS,2025-02-28,WH-USA-01,United States Demo Warehouse,210,FR-R92B-58,25,5,10,12.50,EUR,2025-03-01T02:00:00Z
